{
  "version": "7",
  "dialect": "postgresql",
  "entries": [
    {
      "idx": 0,
      "version": "7",
      "when": 1757585426761,
      "tag": "0000_friendly_bulldozer",
      "breakpoints": true
    },
    {
      "idx": 1,
      "version": "7",
      "when": 1757591945570,
      "tag": "0001_sparkling_payback",
      "breakpoints": true
    },
    {
      "idx": 2,
      "version": "7",
      "when": 1757592844669,
      "tag": "0002_curvy_wilson_fisk",
      "breakpoints": true
    }
  ]
}